Product ID,Product,Cals_per100grams
GW1,"BISCUIT, COCONUT",457.00
GW10,"BUN, POTATO (BAN KENTANG)",303.00
GW103,CONDENSED/EVAPORATED MILK WITH ROSE CORDIAL (SIRAP BANDUNG),77.00
GW107,MAYONNAISE (MAYONIS),433.00
GW11,"BUN, RED BEANS (BAN KACANG MERAH)",294.00
GW116,"HOT CHOCOLATE, INSTANT PREMIX (WITH SUGAR, COCOA POWDER, CREAMER)",431.00
GW118,ISOTONIC DRINK,41.23
GW12,"COOKIES, PEANUT",514.00
GW120,FRUIT JUICE ORANGE,33.47
GW121,"TEA, CHRYSANTHEMUM, PACKET, WITH ADDED SUGAR",398.28
GW122,"TEA, GREEN, WITH ADDED SUGAR",398.05
GW127,"SOYA BEAN DRINK, PACKET, WITH REGULAR ADDED SUGAR",405.99
GW13,"MUFFIN, CHOCOLATE",441.00
GW133,"FRUIT JUICE, FRESH, ORANGE",47.00
GW148,"TRADITIONAL MALAYSIAN KUIH, STEAMED GLUTINOUS RICE BALLS COATED WITH SESAME/PEANUT SUGAR CRUMBS (MOCHI@CHEE-PAH)",392.00
GW149,"TRADITIONAL MALAYSIAN KUIH, STEAMED RICE FLOUR WITH COCONUT MILK AND SUGAR IN SMALL MOULD, SERVED WITH GRATED COCONUT (KUIH LOMPANG)",253.00
GW15,"CEREAL, BREAKFAST, BRAN FLAKES",338.00
GW154,BAHULU KEMBOJA,209.53
GW157,"CAKE, SPONGE (KEK SPAN)",471.00
GW158,"CAKE, SWISS ROLL (KEK SWISS ROLL)",502.00
GW159,"CAKE, SWISS ROLL, CHOCOLATE FLAVOUR (KEK SWISS ROLL PERASA COKLAT)",502.00
GW160,CUCUR BAWANG,241.41
GW162,KARIPAP SARDIN,388.02
GW164,CARA BERLAUK,141.76
GW165,CARA MANIS,169.61
GW166,LEPAT LABU,169.23
GW168,ROTI JALA,184.12
GW17,"CEREAL, BREAKFAST, GRANOLA",451.00
GW174,"PASTRY, PUFF, APPLE FILLING",392.00
GW176,"TRADITIONAL MALAYSIAN KUIH, MINI EGG SPONGE CAKE (BAHULU CERMAI)",417.00
GW178,KOLEH KACANG,175.52
GW182,"TRADITIONAL MALAYSIAN KUIH, SESAME BALLS (KUIH BOM)",335.00
GW186,CAKAR AYAM,423.03
GW187,KELEDEK GORENG,234.71
GW188,SAMOSA,218.04
GW189,"DESSERT, COCONUT MILK BASED, SWEET POTATOES AND TARO IN COCONUT MILK (BUBUR CHA CHA)",219.00
GW190,"DESSERT, CORN IN SWEETENED COCONUT MILK (BUBUR JAGUNG)",213.00
GW191,"DESSERT, BLACK GLUTINOUS RICE PORRIDGE (BUBUR PULUT HITAM)",229.00
GW192,"DESSERT, SAGO PORRIDGE (BUBUR SAGU)",240.00
GW195,"CREAM ROLL, VANILLA FLAVOUR",370.00
GW197,"TRADITIONAL MALAYSIAN KUIH, FLOUR BASED, WITH RED PALM SUGAR (KUIH CINCIN)",534.00
GW199,"DESSERT, PUDDING, MILK (PUDING SUSU)",223.00
GW2,"BISCUIT, LEMON PUFF",455.00
GW20,"COOKIES/CRACKERS, SANDWICH WITH FLAVOURED CREAM OREO",468.00
GW204,"DESSERT, SOY MILK CUSTARD (TAUFU-FAH)",135.00
GW205,"RICE, ""DAGANG"" (NASI DAGANG)(COMPLETE SET)",196.00
GW206,"RICE, ARAB (NASI ARAB)",222.00
GW207,"RICE, BRIYANI (RICE ONLY) (BASMATHI RICE)",190.00
GW208,"RICE, KERABU (NASI KERABU)(COMPLETE SET)",209.00
GW209,"RICE, BRIYANI (AYAM)",159.00
GW21,BREADFRUITS CHIPS (KEREPEK SUKUN),556.85
GW210,"RICE, BRIYANI (DAGING)",195.00
GW211,NASI ARAB SET KHABSYAH (KAMBING),206.00
GW212,NASI ARAB SET MANDY (AYAM),148.00
GW213,"RICE, ""DAGANG"" (NASI DAGANG)(RICE ONLY)",183.00
GW214,BEEF RENDANG (RENDANG DAGING LEMBU),360.00
GW215,"BEEF, FLOSS (SERUNDING DAGING)",435.00
GW216,CHICKEN CHOP (BELAHAN AYAM TANPA TULANG),264.00
GW217,CHICKEN SATAY (SATAY AYAM),187.00
GW218,"ANCHOVY, DRIED, FRIED IN CHILLI (IKAN BILIS SAMBAL)",365.00
GW219,"CATFISH, FRIED IN CHILLI (IKAN KELI GORENG BERLADA)",425.00
GW22,"FLOUR, SAGO (TEPUNG SAGU)",348.21
GW220,"COCKLES, BOILED (KERANG REBUS)",136.00
GW221,"CRAB, IN COCONUT MILK (KETAM MASAK LEMAK CILI API)",117.00
GW222,"CUTTLEFISH, DRIED, FRIED IN CHILLI (SAMBAL SOTONG KERING)",115.00
GW223,"STINGRAY, COOKED IN TAMARIND (IKAN PARI MASAK ASAM PEDAS)",115.00
GW224,"CABBAGE, FRIED (KOBIS GORENG)",159.00
GW225,KALE WITH SALTED FISH (KAILAN IKAN MASIN),288.00
GW226,"MIX VEGETABLES, STIR FRIED (SAYUR CAMPUR GORENG)",147.00
GW227,"SPINACH, (BAYAM MASAK AIR)",91.00
GW228,"SWAMP CABBAGE, FRIED WITH BELACAN (KANGKUNG GORENG BELACAN)",132.00
GW229,"TRADITIONAL MALAYSIAN KUIH, SWEET FERMENTED TAPIOCA (TAPAI UBI KAYU)",246.00
GW23,"POTATO CHIPS, SPICY (KEROPOK UBI KENTANG BERPERISA REMPAH PEDAS)",483.27
GW231,"COFFEE, WITH MILK AND SUGAR, FROM MAMAK STALLS",207.00
GW233,"ICE CHOCHOLATE BLENDED, WITH WHIPPING CREAM",235.00
GW24,"SWEET POTATO, RED, CHIPS (KEREPEK UBI KELEDEK)",456.09
GW3,"BISCUIT, MARIE",446.00
GW32,"SAUCE, SOYA, DARK",414.00
GW33,"SAUCE, SOYA, LIGHT",99.64
GW34,PEANUT BUTTER CHOCOLATE STRIPES,514.00
GW35,BABY CORN (JAGUNG SAYUR),37.00
GW36,"CAPSICUM, GREEN (LADA BENGALA, HIJAU)",20.00
GW37,"CAPSICUM, RED (LADA BENGALA, MERAH)",29.00
GW38,"CAPSICUM, YELLOW (LADA BENGALA, KUNING)",29.00
GW4,"BISCUIT, MILK (BISKUT SUSU)",473.00
GW40,"DRAGON FRUIT, RED (BUAH NAGA, ISI MERAH)",51.00
GW41,"DRAGON FRUIT, WHITE (BUAH NAGA, ISI PUTIH)",53.00
GW42,HONEYDEW (TEMBIKAI SUSU),24.00
GW44,POMEGRANATE (DELIMA),80.00
GW5,CROISSANT,414.00
GW6,"BREAD, RAISIN (ROTI KISMIS)",449.00
GW60,HONEY,399.81
GW61,"JAM, APRICOT (JEM APRIKOT)",272.00
GW62,"JAM, BLUEBERRY (JEM BLUEBERI)",266.00
GW63,"JAM, BLACKCURRENT (JEM ANGGUR HITAM)",266.00
GW66,"JAM, STRAWBERRY (JEM STRAWBERI)",274.00
GW7,"BUN, CHEESE (BAN KEJU)",415.00
GW71,"BEEF, SAUSAGE (SOSEJ DAGING LEMBU)",194.00
GW72,"CHICKEN, SAUSAGE (SOSEJ DAGING AYAM)",193.00
GW73,"HEN EGG, LOWER CHOLESTROL, WITH VITAMIN E (TELUR AYAM RENDAH KOLESTROL, DENGAN VITAMIN E)",136.00
GW74,"HEN EGG, OMEGA 3 (TELUR AYAM OMEGA 3)",56.00
GW75,"EEEL, SWAMP, RAW (BELUT)",380.00
GW79,"CHEESE, BLUE (KEJU, BIRU)",372.00
GW8,"BUN, COCONUT (BAN KELAPA)",295.00
GW9,"BUN, KAYA (BAN KAYA)",274.00
GW96,"MILK, UHT, FULL CREAM",412.00
GW97,"MILK, UHT, LOW FAT",398.00
US1,Applesauce,62
US2,Canned Apricots,48
US3,Canned Blackberries,92
US4,Canned Blueberries,88
US5,Canned Cherries,54
US6,Canned Cranberries,178
US7,Canned Crushed Pineapple,53
US8,Canned Figs,107
US9,Canned Fruit Cocktail,81
US10,Canned Fruit Salad,50
US11,Canned Gooseberries,73
US12,Canned Grapefruit,37
US13,Canned Grapes,76
US14,Canned Mandarin Oranges,71
US15,Canned Mango,65
US16,Canned Mangosteen,73
US17,Canned Mixed Fruit,71
US18,Canned Morello Cherries,81
US19,Canned Oranges,62
US20,Canned Peaches,54
US21,Canned Pears,35
US22,Canned Pineapple,60
US23,Canned Plums,58
US24,Canned Raspberries,91
US25,Canned Sliced Pineapple,53
US26,Canned Sour Cherries,114
US27,Canned Strawberries,92
US28,Canned Tangerines,61
US29,Dried Fruit,243
US30,Acai,70
US31,Apple,52
US32,Applesauce,68
US33,Apricot,48
US34,Avocado,160
US35,Banana,89
US36,Blackberries,43
US37,Blood Oranges,50
US38,Blueberries,57
US39,Cantaloupe,34
US40,Cherries,50
US41,Clementine,47
US42,Cranberries,46
US43,Currants,56
US44,Custard Apple,101
US45,Dates,282
US46,Figs,74
US47,Fruit salad,50
US48,Grapes,69
US49,Greengage,41
US50,Guava,68
US51,Jackfruit,95
US52,Jujube,79
US53,Kiwi,61
US54,Lemon,29
US55,Lime,30
US56,Lychees,66
US57,Mandarin Oranges,53
US58,Mango,60
US59,Minneola,64
US60,Mulberries,43
US61,Nectarine,44
US62,Olives,115
US63,Orange,47
US64,Papaya,43
US65,Passion Fruit,97
US66,Peach,39
US67,Pear,57
US68,Persimmon,127
US69,Physalis,49
US70,Pineapple,50
US71,Plantains,122
US72,Plum,46
US73,Pomegranate,83
US74,Quince,57
US75,Raisins,299
US76,Rambutan,82
US77,Raspberries,52
US78,Rhubarb,21
US79,Starfruit,31
US80,Strawberries,32
US81,Tamarind,239
US82,Tangerine,53
US83,Watermelon,30
US84,Acerola,32
US85,Asian Pear,42
US86,Avocado,160
US87,Banana,89
US88,Breadfruit,103
US89,Cantaloupe Melon,34
US90,Casaba Melon,28
US91,Cherimoya,75
US92,Dragon Fruit,60
US93,Durian,147
US94,Feijoa,55
US95,Galia Melon,23
US96,Grapefruit,42
US97,Guava,68
US98,Honeydew,36
US99,Jackfruit,95
US100,Kiwi,61
US101,Kumquat,71
US102,Lychee,66
US103,Mandarin Oranges,53
US104,Mango,60
US105,Mangosteen,73
US106,Maracuya,97
US107,Maraschino Cherries,165
US108,Muskmelon,34
US109,Noni,53
US110,Passion Fruit,97
US111,Pineapple,50
US112,Pink Grapefruit,42
US113,Plantain,122
US114,Pomegranate,83
US115,Pomelo,38
US116,Prickly Pear,41
US117,Rambutan,82
US118,Sapodilla,83
US119,Soursop Fruit,66
US120,Star Fruit,31
US121,Tamarind,239
US122,Watermelon,30
US123,All-blue Potatoes,61
US124,Baked Potato,93
US125,Boiled Potatoes,87
US126,Cassava,160
US127,Croquettes,127
US128,Dumpling Dough,124
US129,Dumplings,124
US130,French Fingerling Potatoes,82
US131,French Fries,312
US132,Fried Potatoes,312
US133,Gnocchi,133
US134,Japanese Sweet Potatoes,87
US135,Marrow Dumplings,424
US136,Mashed Potatoes,89
US137,Norland Red Potatoes,89
US138,Omelette,154
US139,Potato,77
US140,Potato Dumpling,124
US141,Potato Fritter,185
US142,Potato Gratin,132
US143,Potato Pancakes,268
US144,Potato Salad,143
US145,Potato Starch,331
US146,Potato Sticks,522
US147,Potato Waffles,167
US148,Potato Wedges,123
US149,Potatoes au Gratin,132
US150,Purple Majesty Potatoes,72
US151,Red Gold Potatoes,89
US152,Red Potatoes,89
US153,Roast Potatoes,149
US154,Rosemary Potatoes,93
US155,Rösti,138
US156,Russet Potatoes,97
US157,Russian Banana Potatoes,67
US158,Sweet Potato,92
US159,White Potatoes,94
US160,Yams,116
US161,Yukon Gold Potatoes,82
US162,Artichoke,47
US163,Arugula,25
US164,Asparagus,20
US165,Aubergine,25
US166,Beetroot,43
US167,Bell Pepper,20
US168,Black Olives,115
US169,Broccoli,34
US170,Brussels Sprouts,43
US171,Cabbage,25
US172,Capsicum,27
US173,Carrot,41
US174,Cauliflower,25
US175,Celery,16
US176,Chard,19
US177,Cherry Tomato,100
US178,Chicory,72
US179,Chinese Cabbage,16
US180,Chives,30
US181,Collard Greens,32
US182,Corn,365
US183,Courgette,17
US184,Creamed Spinach,74
US185,Cucumber,16
US186,Eggplant,25
US187,Endive,17
US188,Fennel,31
US189,Garlic,149
US190,Gherkin,14
US191,Gourd,14
US192,Green Beans,31
US193,Green Olives,115
US194,Green Onion,32
US195,Horseradish,48
US196,Kale,49
US197,Kohlrabi,27
US198,Kumara,86
US199,Leek,61
US200,Lettuce,15
US201,Mushrooms,22
US202,Mustard Greens,27
US203,Nori,35
US204,Okra,33
US205,Olives,115
US206,Onion,40
US207,Parsnips,75
US208,Peas,81
US209,Pepper,27
US210,Potato,77
US211,Pumpkin,26
US212,Radishes,16
US213,Red Cabbage,31
US214,Rutabaga,38
US215,Shallots,72
US216,Spinach,23
US217,Squash,45
US218,Sweet Potato,86
US219,Tomato,18
US220,Turnip Greens,20
US221,Turnips,28
US222,Wasabi,109
US223,Winter Squash,34
US224,Zucchini,17
US225,Arby’s Grand Turkey Club,210
US226,Arby’s Reuben,208
US227,Arby’s Roast Beef Classic,234
US228,Arby’s Roast Beef Max,234
US229,BBQ Rib,212
US230,Bean Burrito,200
US231,Big N’ Tasty,223
US232,Bratwurst,333
US233,Burger King Angry Whopper,255
US234,Burger King Double Whopper,239
US235,Burger King Double Whopper with Cheese,249
US236,Burger King Original Chicken Sandwich,301
US237,Burger King Premium Alaskan Fish Sandwich,259
US238,Burger King Triple Whopper,269
US239,Burger King Whopper,231
US240,Burger King Whopper Jr.,234
US241,Burger King Whopper with Cheese,241
US242,Cheeseburger,263
US243,Chicken Breast,163
US244,Chicken Fajita,147
US245,Chicken McNuggets,302
US246,Chicken Nuggets,296
US247,Chicken Pizziola,141
US248,Chicken Sandwich,241
US249,Chicken Teriyaki Sandwich,138
US250,Chicken Wings,324
US251,Chop Suey,172
US252,Curly Fries,311
US253,Double Cheeseburger,267
US254,Egg Roll,250
US255,Falafel,335
US256,Filet-o-Fish,282
US257,Fish and Chips,195
US258,Fish Sandwich,273
US259,French Fries,312
US260,Grilled Chicken Salad,88
US261,Ham Sandwich,241
US262,Hamburger,254
US263,Hot Dog,269
US264,Italian BMT,183
US265,Lasagna,132
US266,McDonald’s Big Mac,256
US267,McDonald’s Cheeseburger,263
US268,McDonald’s Chicken Nuggets,297
US269,McDonald’s Double Cheeseburger,282
US270,McDonald’s Filet-o-Fish,275
US271,McDonald’s McChicken,251
US272,McDonald’s McDouble,252
US273,McDonald’s McMuffi Egg,225
US274,McDonald’s McRib,265
US275,McDonald’s Mighty Wings,308
US276,McRib,265
US277,Meatball Sandwich,161
US278,Nachos with Cheese,306
US279,Onion Rings,411
US280,Smoked Salmon,158
US281,Spicy Italian,219
US282,Subway Club Sandwich,131
US283,Tortilla Wrap,271
US284,Tuna,86
US285,Turkey,104
US286,Veggie Burger,181
US287,Veggie Delight,138
US288,Veggie Patty,390
US289,Wendy’s Baconator,304
US290,Wendy’s Jr. Bacon Cheeseburger,261
US291,Wendy’s Jr. Cheeseburger,225
US292,Wendy’s Son of Baconator,321
US293,Whopper,231
US294,Zinger,256
US295,Zinger Burger,256
US296,Poutine,227
US297,BBQ Chicken Pizza,234
US298,BBQ Pizza,224
US299,Beef Pizza,304
US300,Bianca Pizza,246
US301,Buffalo Chicken Pizza,252
US302,Calabrese Pizza,235
US303,Calzone,231
US304,Capricciosa Pizza,260
US305,Cheese Pizza,267
US306,Chicken Pizza,234
US307,Deep Dish Pizza,265
US308,Dominos Philly Cheese Steak Pizza,224
US309,Four Cheese Pizza,221
US310,Goat Cheese Pizza,219
US311,Grilled Pizza,226
US312,Hawaiian Pizza,115
US313,Margherita Pizza,275
US314,Mozzarella Pizza,249
US315,Mushroom Pizza,212
US316,Napoli Pizza,202
US317,New York Style Pizza,169
US318,Pepperoni Pizza,255
US319,Pizza Dough,228
US320,Pizza Hut Stuffed Crust Pizza,255
US321,Pizza Hut Supreme Pizza,248
US322,Pizza Rolls,247
US323,Quattro Formaggi Pizza,248
US324,Red Pepper Pizza,192
US325,Salami Pizza,255
US326,Sausage Pizza,246
US327,Seafood Pizza,245
US328,Shrimp Pizza,209
US329,Sicilian Pizza,241
US330,Spinach Feta Pizza,242
US331,Spinach Pizza,234
US332,Stuffed Crust Pizza,255
US333,Tarte Flambée,253
US334,Thin Crust Pizza,261
US335,Tuna Pizza,254
US336,Vegetable Pizza,256
US337,Vegetarian Pizza,256
US338,Veggie Pizza,231
US339,White Pizza,246
US340,Almond Milk,17
US341,Buttermilk,62
US342,Chocolate Mousse,225
US343,Coconut Milk,230
US344,Coffee Creamer,195
US345,Condensed Milk,321
US346,Cottage Cheese,98
US347,Cream,242
US348,Creme Fraiche,393
US349,Curd,98
US350,Custard,122
US351,Evaporated Milk,135
US352,Goat Milk,69
US353,Hot Chocolate,89
US354,Kefir,55
US355,Lactose-free Milk,52
US356,Lassi,75
US357,Milk,61
US358,Plain Yogurt,61
US359,Powdered Milk,496
US360,Quark,145
US361,Rice Milk,49
US362,Rice Pudding,118
US363,Semi-skimmed Milk,50
US364,Semolina Pudding,67
US365,Skim Milk,35
US366,Sour Cream,181
US367,Soy Milk,45
US368,Sweetened Condensed Milk,321
US369,Tzatziki,117
US370,Whipped Cream,257
US371,Whole Milk,61
US372,Yogurt,61
US373,American Cheese,148
US374,Applewood,410
US375,Bergkäse,418
US376,Butter Cheese,388
US377,Cheddar,403
US378,Cheese Platter,357
US379,Cheese Slices,356
US380,Colby Cheese,394
US381,Colby-Jack Cheese,394
US382,Cold Pack Cheese,246
US383,Edam,357
US384,Edam Cheese,357
US385,Emmental,357
US386,Emmentaler,357
US387,Esrom (Cheese),322
US388,Fol Epi,388
US389,Fresh Mozzarella,280
US390,Gouda,356
US391,Gouda Cheese,356
US392,Havarti,371
US393,Lacy Swiss Cheese,321
US394,Leerdammer,284
US395,Leerdammer Cheese,284
US396,Maasdam Cheese,344
US397,Monterey Jack Cheese,373
US398,Mozzarella,280
US399,Muenster Cheese,368
US400,Pepper Cheese,100
US401,Sandwich Cheese,148
US402,Smoked Cheese,410
US403,Tilsit,340
US404,White American,148
US405,White Cheddar,403
US406,Young Gouda,356
US407,Activia,74
US408,Activia Lemon,100
US409,Activia Strawberry,97
US410,Aloe Vera Yogurt,85
US411,Ayran,42
US412,Bircher Muesli Yogurt,109
US413,Blueberry Yogurt,105
US414,Cherry Yogurt,97
US415,Chocolate Yogurt,128
US416,Cream Yogurt,124
US417,Creamy Yogurt,90
US418,Diet Yogurt,54
US419,Fruit Yogurt,97
US420,Greek Yogurt,53
US421,Low-Fat Yogurt,63
US422,Mocca Yogurt,100
US423,Organic Yogurt,75
US424,Peach Yogurt,97
US425,Plain Yogurt,61
US426,Probiotic Yogurt,80
US427,Skim Milk Yogurt,56
US428,Stracciatella Yogurt,139
US429,Strawberry Yogurt,100
US430,Vanilla Yogurt,101
US431,Yogurt,61
US432,Yogurt Corner,119
US433,Yoplait Boston Cream Pie,90
US434,Yoplait French Vanilla,100
US435,Yoplait Greek Blueberry,100
US436,Yoplait Greek Coconut,100
US437,Yoplait Greek Strawberry,100
US438,Yoplait Greek Vanilla,100
US439,Yoplait Harvest Peach,100
US440,Yoplait Key Lime Pie,100
US441,Yoplait Mango,100
US442,Yoplait Mixed Berry,100
US443,Yoplait Pina Colada,100
US444,Yoplait Strawberry,100
US445,Yoplait Strawberry Banana,100
US446,Yoplait Strawberry Cheesecake,100
US447,Beef,171
US448,Beef Brisket,137
US449,Beef Fillet,189
US450,Beef Goulash,123
US451,Beef Minute Steak,133
US452,Beef Neck,213
US453,Beef Pancreas,271
US454,Beef Patty,247
US455,Beef Prime Rib,404
US456,Beef Ribs,196
US457,Beef Sirloin,182
US458,Beef Suet,854
US459,Beef Tallow,902
US460,Beef Thymus,319
US461,Beef Tripe,94
US462,Chuck Roast,141
US463,Chuck Steak,137
US464,Filet Mignon,207
US465,Flank Steak,194
US466,Ground Beef,241
US467,Ground Chuck,250
US468,Ground Round,212
US469,Minced Veal,143
US470,Porterhouse Steak,247
US471,Rib Eye Steak,217
US472,Roast Beef,187
US473,Rump Steak,171
US474,Skirt Steak,205
US475,Stew Beef,191
US476,Strip Steak,117
US477,T-Bone-Steak,221
US478,Veal,282
US479,Veal Breast,282
US480,Veal Leg,211
US481,Veal Roast Beef,175
US482,Veal Shank,177
US483,Veal Shoulder,183
US484,Veal Sirloin,204
US485,Veal Tenderloin,217
US486,Baked Ham,343
US487,Beef Salami,375
US488,Boiled Ham,126
US489,Bologna,247
US490,Bresaola,178
US491,Capicola,110
US492,Chicken Breast Fillet,79
US493,Chopped Ham,180
US494,Chorizo,455
US495,Corned Beef,251
US496,Dutch Loaf,268
US497,Ham,145
US498,Ham Sausage,164
US499,Head Cheese,157
US500,Hickory Ham,188
US501,Honey Ham,122
US502,Liverwurst,326
US503,Olive Loaf,232
US504,Oven-Roasted Turkey Breast,104
US505,Parma Ham,345
US506,Pastrami,133
US507,Pepperoni,494
US508,Pimento Loaf,265
US509,Pork Roast,247
US510,Prosciutto,195
US511,Roast Beef,267
US512,Salami,336
US513,Serrano Ham,300
US514,Smoked Ham,107
US515,Smoked Turkey Breast,104
US516,Summer Sausage,298
US517,Tongue,284
US518,Turkey Breast,104
US519,Turkey Ham,126
US520,Turkey Salami,152
US521,Alligator,232
US522,Beef,248
US523,Beef Brisket,242
US524,Beef Jerky,410
US525,Beef Ribs,238
US526,Beef Tenderloin,218
US527,Chicken,219
US528,Chicken Breast,172
US529,Chicken Drumstick,185
US530,Chicken Fat,898
US531,Chicken Giblets,158
US532,Chicken Gizzards,146
US533,Chicken Leg,174
US534,Chicken Liver,167
US535,Chicken Meat,172
US536,Chicken Thigh,229
US537,Chicken Wing,266
US538,Chuck Steak,277
US539,Cubed Steak,199
US540,Duck,337
US541,Filet Mignon,267
US542,Flank Steak,194
US543,Flat Iron Steak,137
US544,Ground Beef,246
US545,Ground Round,246
US546,Ham,163
US547,New York Strip Steak,199
US548,Ostrich,145
US549,Pork,196
US550,Pork Baby Back Ribs,212
US551,Pork Chops,196
US552,Pork Country-Style Ribs,247
US553,Pork Loin,204
US554,Pork Roast,254
US555,Pork Steaks,196
US556,Roast Beef,140
US557,Round Steak,182
US558,Schnitzel,156
US559,Spare Ribs,238
US560,Standing Rib Roast,333
US561,T-Bone Steak,202
US562,Turkey,189
US563,Turkey Breast,135
US564,Turkey Legs,208
US565,Turkey Steak,189
US566,Turkey Wings,221
US567,Beef Brain,196
US568,Beef Heart,165
US569,Beef Kidney,158
US570,Beef Liver,191
US571,Beef Lung,120
US572,Beef Melt,271
US573,Beef Tongue,284
US574,Calf Brain,136
US575,Calf Liver,192
US576,Calf Lung,104
US577,Calf Melt,256
US578,Chicken Giblets,277
US579,Chicken Heart,185
US580,Chicken Liver,172
US581,Chicken Stomach,148
US582,Chitterlings,233
US583,Duck Liver,136
US584,Goose Liver,133
US585,Hog Maws,157
US586,Pig Brain,138
US587,Pig Heart,148
US588,Pig Kidney,151
US589,Pig Lung,99
US590,Pork Liver,165
US591,Pork Melt,219
US592,Pork Tongue,271
US593,Turkey Giblets,173
US594,Turkey Heart,174
US595,Turkey Liver,189
US596,Turkey Stomach,148
US597,Veal Heart,186
US598,Veal Kidney,163
US599,Veal Tongue,202
US600,Bacon,407
US601,Brawn,309
US602,Canadian-Style Bacon,107
US603,Chitterlings,233
US604,Ground Pork,263
US605,Hog Maws,250
US606,Lard,898
US607,Meatloaf,89
US608,Parma Ham,261
US609,Pig Ear,166
US610,Pig Fat,638
US611,Pig’s Tail,396
US612,Pig’s Trotter,243
US613,Pork Bacon,407
US614,Pork Belly,518
US615,Pork Blade Steak,232
US616,Pork Chop,123
US617,Pork Country-Style Ribs,133
US618,Pork Crown Roast,212
US619,Pork Cutlet,131
US620,Pork Cutlets,131
US621,Pork Leg,201
US622,Pork Loin,143
US623,Pork Meatloaf,243
US624,Pork Ragout,73
US625,Pork Rib Roast,159
US626,Pork Ribs,292
US627,Pork Roast,194
US628,Pork Sausage,339
US629,Pork Shank,172
US630,Pork Shoulder,269
US631,Pork Shoulder Blade,232
US632,Pork Stomach,250
US633,Rack of Pork,241
US634,Salt Meat,286
US635,Salt Pork,286
US636,Serrano Ham,339
US637,Spare Ribs,396
US638,Spareribs,238
US639,Capon,229
US640,Chicken,219
US641,Chicken Breast,172
US642,Chicken Drumsticks,185
US643,Chicken Gizzards,154
US644,Chicken Legs,174
US645,Chicken Thighs,229
US646,Chicken Wings,266
US647,Cornish Hens,259
US648,Dove,213
US649,Duck,337
US650,Duck Breast,201
US651,Emu,152
US652,Goose,305
US653,Guinea-Fowl,158
US654,Ostrich,145
US655,Ostrich Meat,145
US656,Pheasant,239
US657,Pheasant Breast,133
US658,Pheasant Leg,239
US659,Pigeon,142
US660,Poularde,200
US661,Quail,227
US662,Quail Breast,123
US663,Rhea,160
US664,Turkey,189
US665,Turkey Breast,135
US666,Turkey Cutlet,189
US667,Turkey Drumsticks,208
US668,Turkey Legs,208
US669,Turkey Steak,189
US670,Turkey Wings,221
US671,Wild Duck,211
US672,Andouille,232
US673,Bacon,407
US674,Black Pudding,379
US675,Blood Sausage,379
US676,Bockwurst,301
US677,Boiled Ham,104
US678,Bologna,247
US679,Boudin,194
US680,Bratwurst,297
US681,Brawn,157
US682,Breakfast Sausage Links,339
US683,Cheese Pastry,374
US684,Chicken Breast,79
US685,Chicken Meat,79
US686,Chicken Salad,81
US687,Chorizo,455
US688,Cooked Ham,133
US689,Corned Beef,153
US690,Cumberland Sausage,250
US691,Frankfurters,305
US692,Garlic Sausage,169
US693,Hot Dogs,278
US694,Hot Sausage,259
US695,Italian Sausage,149
US696,Jerky,410
US697,Kielbasa,309
US698,Knackwurst,307
US699,Landjaeger,352
US700,Linguica,282
US701,Liver Pate,319
US702,Liverwurst,326
US703,Luncheon Meat,117
US704,Mettwurst,310
US705,Mortadella,311
US706,Pastrami,133
US707,Pepperoni,494
US708,Polish Sausage,301
US709,Pork,247
US710,Pork Roll,302
US711,Prosciutto,195
US712,Ring Bologna,286
US713,Salami,336
US714,Sausage,230
US715,Smoked Sausage,301
US716,Souse,157
US717,Spam,315
US718,Weisswurst,313
US719,Alligator,104
US720,Alligator Meat,232
US721,Antelope Meat,150
US722,Bear Meat,259
US723,Beaver Meat,212
US724,Bison,171
US725,Bison Meat,171
US726,Bison Sirloin,171
US727,Buffalo,131
US728,Buffalo Meat,131
US729,Caribou,159
US730,Goose,238
US731,Goose Meat,238
US732,Lamb,202
US733,Lamb Meat,202
US734,Mallard Duck Meat,211
US735,Mallard Meat,211
US736,Moose,134
US737,Moose Meat,134
US738,Mutton,234
US739,Mutton Meat,234
US740,Ostrich,175
US741,Ostrich Meat,175
US742,Pheasant,239
US743,Pheasant Meat,239
US744,Rabbit,197
US745,Racoon,255
US746,Racoon Meat,255
US747,Reindeer,200
US748,Reindeer Meat,200
US749,Squirrel,173
US750,Squirrel Meat,173
US751,Venison,164
US752,Venison Sirloin,158
US753,Wild Boar,160
US754,Wild Boar Meat,160
US755,Angel Food Cake,258
US756,Apple Cake,252
US757,Apple Cobbler,198
US758,Apple Crisp,156
US759,Apple Crumble,156
US760,Apple Pie,237
US761,Apple Strudel,274
US762,Apple Turnover,348
US763,Applesauce Cake,358
US764,Baked Alaska,247
US765,Bakewell Tart,430
US766,Banoffee Pie,395
US767,Birthday Cake,465
US768,Black and White Cookie,381
US769,Black Forest Cake,264
US770,Blueberry Cobbler,234
US771,Blueberry Muffin,377
US772,Blueberry Pie,232
US773,Bundt Cake,370
US774,Buttermilk Pie,380
US775,Caramel Cake,475
US776,Carrot Cake,408
US777,Cheesecake,321
US778,Cherry Pie,260
US779,Chess Pie,411
US780,Chocolate Cake,389
US781,Chocolate Cream Pie,304
US782,Chocolate Mousse Cake,260
US783,Chocolate Mousse Pie,260
US784,Chocolate Muffin,420
US785,Coconut Cake,356
US786,Coffee Cake,331
US787,Cream Puff,334
US788,Crumb Cake,441
US789,Cupcake,305
US790,Danish Pastry,374
US791,Donut,403
US792,Doughnut,403
US793,Flan,145
US794,Flourless Chocolate Cake,509
US795,French Cruller,412
US796,Fruit Cake,324
US797,Funnel Cake,307
US798,German Chocolate Cake,370
US799,Gingerbread,356
US800,Ice Cream Cake,200
US801,Key Lime Pie,359
US802,King Cake,377
US803,Layer Cake,402
US804,Lemon Cake,352
US805,Lemon Meringue Pie,268
US806,Madeira Cake,394
US807,Marble Cake,339
US808,Meringue,285
US809,Opera Cake,320
US810,Paczki,336
US811,Pancake,227
US812,Panettone,360
US813,Pavlova,294
US814,Peach Cobbler,65
US815,Peach Pie,223
US816,Pecan Pie,407
US817,Pineapple Upside-Down Cake,319
US818,Plum Cake,109
US819,Poppy-Seed Cake,394
US820,Pound Cake,390
US821,Profiterole,334
US822,Puff Pastry,558
US823,Pumpkin Bread,298
US824,Pumpkin Cheesecake,340
US825,Pumpkin Pie,243
US826,Raspberry Pie,240
US827,Red Velvet Cake,367
US828,Rhubarb Pie,245
US829,Rum Cake,351
US830,Sacher Torte,352
US831,Sponge Cake,289
US832,Strawberry Cheesecake,327
US833,Strawberry Pie,230
US834,Strawberry Rhubarb Pie,281
US835,Sweet Potato Pie,260
US836,Swiss Roll,439
US837,Tarte Tatin,210
US838,Tiramisu,283
US839,Tiramisu Cake,291
US840,Treacle Tart,369
US841,Tres Leches Cake,246
US842,Trifle,180
US843,Victoria Sponge Cake,257
US844,Waffles,312
US845,Wedding Cake,381
US846,3 Musketeers,400
US847,After Eight,452
US848,Airheads,375
US849,Almond Roca,571
US850,Angel Delight,451
US851,Animal Crackers,446
US852,Baby Ruth,469
US853,Butterfinger,450
US854,Buttermilk Pancakes,238
US855,Candy Apple,152
US856,Candy Cane,423
US857,Candy canes,423
US858,Candy Corn,360
US859,Candy Floss,400
US860,Caramel Popcorn,376
US861,Caramel squares,367
US862,Celebrations,490
US863,Cheez-It’s,533
US864,Chocolate,529
US865,Chocolate Bar,533
US866,Chocolate Chips,493
US867,Cookies,488
US868,Cotton Candy,643
US869,Eggy Bread,196
US870,Fairy Cakes,440
US871,Ferrero Rocher,576
US872,Flapjack,486
US873,Fortune Cookies,214
US874,Granola Bars,452
US875,Gumdrops,321
US876,Gummi Bears,316
US877,Hanuta,541
US878,Hershey Kisses,471
US879,Jelly Beans,354
US880,Jelly Belly,354
US881,Jolly Ranchers,385
US882,Jordan Almonds,429
US883,Kit Kat,521
US884,Laffy Taffy,372
US885,Licorice,375
US886,LifeSavers,500
US887,Lindt Chocolate,548
US888,Liquorice,375
US889,Lollipop,392
US890,M&M’s,479
US891,Maltesers,498
US892,Mars Bar,448
US893,Marshmallows,318
US894,Marzipan,411
US895,Mike and Ike,360
US896,Milk Duds,422
US897,Milky Way,449
US898,PayDay,462
US899,Peanut Bar,533
US900,Peanut Brittle,183
US901,Peanut Butter Bars,379
US902,Peanut Butter Cookies,475
US903,Peppermint bark,500
US904,Pez,427
US905,Pop Rocks,358
US906,Popcorn,582
US907,Pumpkin Seeds,560
US908,Reeses Peanut Butter Cups,536
US909,Rice Pudding,134
US910,Roasted Almonds,452
US911,Rolo,474
US912,S’mores,500
US913,Semolina,340
US914,Skittles,405
US915,Smarties,357
US916,Smores,500
US917,Snickers,484
US918,Sour Patch Kids,363
US919,Speculoos,469
US920,Spritz Cookies,500
US921,Take 5,476
US922,Toblerone,525
US923,Trifle,186
US924,Twix,495
US925,Waffles,272
US926,Whoopie Pie,400
US927,Baskin-Robbins,239
US928,Ben and Jerry’s,228
US929,Butter Pecan Ice Cream,248
US930,Carvel,212
US931,Chocolate Chip Ice Cream,215
US932,Chocolate Ice Cream,216
US933,Ciao Bella,109
US934,Coffee Ice Cream,236
US935,Cold Stone Creamery,232
US936,Cookie Dough Ice Cream,200
US937,Crunchie McFlurry,174
US938,Dairy Milk McFlurry,186
US939,Dippin Dots,224
US940,Double Rainbow,257
US941,Drumsticks,255
US942,French Vanilla Ice Cream,201
US943,Friendly’s,212
US944,Healthy Choice,125
US945,Hot Fudge Sundae,186
US946,Ice Cream Sandwich,237
US947,Ice Cream Sundae,142
US948,Ice Milk,159
US949,Magnolia,230
US950,Magnum,300
US951,Magnum Almond,315
US952,Magnum Double Caramel,355
US953,Magnum Double Chocolate,380
US954,Magnum Gold,341
US955,Magnum White,297
US956,McFlurry,153
US957,McFlurry Oreo,186
US958,Mini Milk,120
US959,Mint Chocolate Chip Ice Cream,239
US960,Rocky Road Ice Cream,257
US961,Schwan’s,246
US962,Smarties McFlurry,198
US963,Snickers Ice Cream,360
US964,Soft Serve,222
US965,Solero,100
US966,Strawberry Ice Cream,236
US967,Strawberry Sundae,158
US968,Sundae,215
US969,Turkey Hill,271
US970,Vanilla Cone,162
US971,Vanilla Ice Cream,201
US972,Acai Juice,58
US973,Aloe Vera,44
US974,Apple Juice,46
US975,Apricot Nectar,56
US976,Banana Juice,50
US977,Blackberry Juice,48
US978,Boysenberry Juice,54
US979,Capri-Sun,41
US980,Carrot Juice,40
US981,Chamomile Tea,0
US982,Cherry Juice,45
US983,Clamato,60
US984,Coconut Milk,233
US985,Coconut Water,19
US986,Concord Grape,71
US987,Cranberry Apple Juice,67
US988,Cranberry Grape Juice,71
US989,Cranberry Juice,46
US990,Cucumber Juice,10
US991,Currant Juice,48
US992,Energy-Drink,87
US993,Fruitopia,110
US994,Grape Juice,60
US995,Grapefruit Juice,46
US996,Lemon Juice,21
US997,Lemonade,50
US998,Lime Juice,21
US999,Limeade,128
US1000,Mango Lassi,66
US1001,Nestea,21
US1002,Orange Juice,46
US1003,Papaya Juice,58
US1004,Passion Fruit Juice,48
US1005,Peach Juice,54
US1006,Peach Nectar,54
US1007,Pear Juice,60
US1008,Pear Nectar,60
US1009,Pineapple Juice,53
US1010,Pineapple Orange Juice,50
US1011,Plum Juice,71
US1012,Pomegranate Juice,66
US1013,Sauerkraut Juice,14
US1014,Tangerine Juice,43
US1015,Tomato Juice,17
US1016,Vegetable Juice,21
US1017,White Grape Juice,75
US1018,Absinthe,348
US1019,Advocaat,283
US1020,Amaretto,310
US1021,Applejack,233
US1022,Asti,138
US1023,Bailey’s Irish Cream,327
US1024,Baileys,327
US1025,Beer,43
US1026,Blue Curacao,243
US1027,Bourbon,233
US1028,Brandy,213
US1029,Canadian Whiskey,216
US1030,Chambord,348
US1031,Champagne,75
US1032,Cider,49
US1033,Cognac,235
US1034,Cointreau,320
US1035,Drambuie,358
US1036,Frangelico,238
US1037,Gin,263
US1038,Glenfiddich,230
US1039,Grand Marnier,253
US1040,Irish Whiskey,233
US1041,Jack Daniel’s,146
US1042,Jagermeister,250
US1043,Jim Beam,222
US1044,Kahlua,180
US1045,Liqueur,250
US1046,Liquor,250
US1047,Midori,267
US1048,Prosecco,66
US1049,Punch,62
US1050,Red Wine,85
US1051,Rose Wine,71
US1052,Rum,231
US1053,Sambuca,333
US1054,Sangria,96
US1055,Scotch,222
US1056,Sherry,116
US1057,Sloe Gin,332
US1058,Southern Comfort,247
US1059,Tequila,110
US1060,Triple Sec,153
US1061,Vermouth,130
US1062,Vodka,231
US1063,Whisky,250
US1064,White Wine,82
US1065,Wine,83
US1066,Ale,35
US1067,Altbier,43
US1068,Bass,45
US1069,Beck’s,39
US1070,Beer,43
US1071,Blue Moon,48
US1072,Bock Beer,50
US1073,Buckler (N.A.),21
US1074,Bud Ice,35
US1075,Bud Light,29
US1076,Bud Light Chelada,43
US1077,Bud Light Lime,34
US1078,Bud Select,28
US1079,Bud Select 55,15
US1080,Budweiser,41
US1081,Budweiser Chelada,52
US1082,Busch,37
US1083,Busch Light,27
US1084,Busch N.A.,17
US1085,Carlsberg,32
US1086,Clausthaler (N.A.),26
US1087,Colt 45,44
US1088,Coors,42
US1089,Coors Light,29
US1090,Coors N.A.,18
US1091,Corona,42
US1092,Dark Beer,46
US1093,Genesee Cream Ale,46
US1094,Ginger Beer,42
US1095,Guinness,35
US1096,Heineken,35
US1097,Honey Brown,42
US1098,Hurricane High Gravity,39
US1099,IPA,51
US1100,Keystone Ice,40
US1101,Keystone Light,29
US1102,Koelsch,43
US1103,Labatt,43
US1104,Lager Beer,43
US1105,Land Shark,42
US1106,Light Beer,29
US1107,Lowenbrau,45
US1108,Malt Beer,37
US1109,Michelob Amber Bock,47
US1110,Michelob Lager,44
US1111,Michelob Light,32
US1112,Michelob Ultra,27
US1113,Michelob Ultra Amber,26
US1114,Michelob Ultra Lime Cactus,27
US1115,Miller Chill,31
US1116,Miller Genuine Draft,40
US1117,Miller High Life,40
US1118,Miller High Life Light,31
US1119,Miller Lite,27
US1120,Milwaukee’s Best,36
US1121,Milwaukee’s Best Light,28
US1122,Molson,42
US1123,Natural Ice,44
US1124,Natural Light,27
US1125,Newcastle,39
US1126,Non-alcoholic Beer,37
US1127,O’Doul’s (N.A.),19
US1128,Old Milwaukee,41
US1129,Old Milwaukee N.A.,16
US1130,Olde English,45
US1131,Pabst Blue Ribbon,41
US1132,Pale Ale,42
US1133,Pilsner,43
US1134,Porter,54
US1135,Redbridge (Gluten-free),45
US1136,Rolling Rock,37
US1137,Rolling Rock Light,30
US1138,Root Beer,41
US1139,Samuel Adams,45
US1140,Shock Top,47
US1141,Shock Top Raspberry Wheat,50
US1142,Sierra Nevada Strong,62
US1143,Sparks,74
US1144,St. Pauli Girl,42
US1145,Steel Reserve,63
US1146,Stout,51
US1147,Stout Beer,51
US1148,Strong Beer,55
US1149,Tilt,64
US1150,Wheat Beer,45
US1151,ACE Drink,44
US1152,Apple Spritzer,24
US1153,Chai,0
US1154,Chai Tea,0
US1155,Chocolate Milk,89
US1156,Chocolate Milkshake,125
US1157,Club Mate,30
US1158,Coca Cola,42
US1159,Coffee,1
US1160,Coke Zero,1
US1161,Cola,42
US1162,Crystal Light,263
US1163,Diet Coke,1
US1164,Egg Cream,94
US1165,Egg Nog,88
US1166,Elderflower Cordial,29
US1167,Evian,0
US1168,Gatorade,23
US1169,Ginger Tea,0
US1170,Hawaiian Punch,31
US1171,Hi-C,49
US1172,Horchata,54
US1173,Hot Chocolate,89
US1174,Ice Tea,27
US1175,Iced Tea,27
US1176,Karamalz,37
US1177,Kombucha,13
US1178,Kool-Aid,26
US1179,Lassi,104
US1180,Latte Macchiato,57
US1181,Lemonade,42
US1182,Malt Beer,37
US1183,Milk,61
US1184,Milkshake (dry),329
US1185,Milo,409
US1186,Nectar,53
US1187,Nestea,36
US1188,Non-alcoholic Beer,37
US1189,Powerade,16
US1190,Slurpee,4
US1191,Slush Puppie,50
US1192,Smoothie,37
US1193,Soy Milk,45
US1194,Strawberry Milkshake,113
US1195,Tang,381
US1196,Tap Water,0
US1197,Tea,1
US1198,Vanilla Milkshake,149
US1199,Volvic,0
US1200,Water,0
US1201,Yerba Mate,62
US1202,7up,44
US1203,Barq’s,46
US1204,Bitter Lemon,34
US1205,Canada Dry Ginger Ale,41
US1206,Cherry Coke,44
US1207,Coke,42
US1208,Coke Zero,0
US1209,Diet Cherry Coke,1
US1210,Diet Coke,1
US1211,Diet Dr. Pepper,0
US1212,Diet Pepsi,0
US1213,Diet Sunkist,0
US1214,Dr. Brown’s,53
US1215,Dr. Pepper,27
US1216,Fanta,39
US1217,Fanta Zero,0
US1218,Five Alive,35
US1219,Fresca,0
US1220,Full Throttle,110
US1221,Fuze,20
US1222,Fuze Tea,25
US1223,Gatorade,25
US1224,Ginger Ale,35
US1225,Ice Tea,27
US1226,Jolt Cola,44
US1227,Kool-Aid,26
US1228,Lemonade,42
US1229,Mello Yello,49
US1230,Minute Maid,46
US1231,Minute Maid Light,2
US1232,Mug Root Beer,42
US1233,Orange Soda,48
US1234,Pepsi,44
US1235,Pibb Xtra,40
US1236,Powerade,120
US1237,Schweppes Ginger Ale,38
US1238,Soda,53
US1239,Sprite,37
US1240,Sprite Zero,0
US1241,Squirt,44
US1242,Sunkist,25
US1243,Surge,48
US1244,TaB,0
US1245,Tonic Water,35
US1246,Vanilla Coke,45
US1247,Cabernet Sauvignon,77
US1248,Cava,76
US1249,Champagne,76
US1250,Chardonnay,85
US1251,Chenin Blanc,80
US1252,Chocolate Wine,256
US1253,Dry Red Wine,85
US1254,Gamay,78
US1255,Malbec,82
US1256,Malbec Wine,82
US1257,Marsala Wine,100
US1258,Merlot,83
US1259,Merlot Wine,83
US1260,Moscato Wine,76
US1261,Mulled Wine,196
US1262,Pinot Gris,83
US1263,Pinot Noir,75
US1264,Plum Wine,163
US1265,Port Wine,160
US1266,Prosecco,71
US1267,Red Wine,85
US1268,Red Wines,85
US1269,Riesling,80
US1270,Riesling Wine,80
US1271,Rose Wine,71
US1272,Sangria,132
US1273,Sauvignon Blanc,81
US1274,Sherry,116
US1275,Shiraz,71
US1276,Sparkling Wine,190
US1277,Sweet Red Wine,81
US1278,Sweet White Wine,82
US1279,Sweet Wines,83
US1280,Vermouth,108
US1281,White Wine,82
US1282,White Zinfandel,88
US1283,Wine,83
US1284,Yellow Tail Wine,71
US1285,Zinfandel,88
US1286,Amaranth,371
US1287,Barley,354
US1288,Barley Groats,100
US1289,Brown Rice,388
US1290,Buckwheat,343
US1291,Buckwheat Groats,346
US1292,Corn Waffles,274
US1293,Cornmeal,362
US1294,Cornstarch,381
US1295,Couscous,376
US1296,Cracker,502
US1297,Durum Wheat Semolina,397
US1298,Flaxseed,534
US1299,Freekeh,520
US1300,Gluten,370
US1301,Grissini,408
US1302,Kamut,337
US1303,Millet,378
US1304,Millet Flour,372
US1305,Millet Gruel,46
US1306,Oat Bran,246
US1307,Pearl Barley,352
US1308,Polenta,366
US1309,Prawn Crackers,527
US1310,Pretzel Sticks,380
US1311,Quinoa,368
US1312,Rusk,410
US1313,Rye Bran,281
US1314,Sago,354
US1315,Savoury Biscuits,347
US1316,Shortbread,502
US1317,Spelt,338
US1318,Spelt Bran,177
US1319,Spelt Semolina,360
US1320,Sunflower Seeds,584
US1321,Tortilla,237
US1322,Tortilla Chips,499
US1323,Wheat Bran,216
US1324,Wheat Germ,382
US1325,Wheat Gluten,325
US1326,Wheat Semolina,360
US1327,Wheat Starch,351
US1328,Whole Grain Wheat,339
US1329,Wholegrain Oat,375
US1330,Bran Flakes,356
US1331,Cap’n Crunch,404
US1332,Cheerios,347
US1333,Chex,387
US1334,Chocolate Cheerios,367
US1335,Chocos,380
US1336,Cinnamon Toast Crunch,433
US1337,Coco Pops,376
US1338,Cocoa Krispies,386
US1339,Cocoa Pebbles,367
US1340,Cocoa Puffs,400
US1341,Cookie Crisp,400
US1342,Corn Flakes,357
US1343,Corn Pops,377
US1344,Count Chocula,407
US1345,Cracklin Oat Bran,402
US1346,Cream of Wheat,364
US1347,Crunchy Nut,600
US1348,Crunchy Nut Cornflakes,600
US1349,Fiber One,267
US1350,Froot Loops,379
US1351,Frosted Cheerios,393
US1352,Frosted Flakes,367
US1353,Frosted Mini-Wheats,353
US1354,Frosties,367
US1355,Fruity Pebbles,400
US1356,Golden Grahams,400
US1357,Grape-Nuts,362
US1358,Honey Nut Cheerios,393
US1359,Honey Smacks,370
US1360,Honeycomb,397
US1361,Just Right,391
US1362,Kashi,377
US1363,Kelloggs Corn Flakes,357
US1364,Kix,367
US1365,Krave,372
US1366,Life Cereal,375
US1367,Lucky Charms,406
US1368,Malt-O-Meal,51
US1369,Mini-Wheats,353
US1370,Muesli,336
US1371,Multigrain Cheerios,380
US1372,Nutri-Grain,351
US1373,Oatibix,421
US1374,Oatmeal,375
US1375,Peanut Butter Toast Crunch,431
US1376,Post Raisin Bran,322
US1377,Post Shredded Wheat,347
US1378,Puff,367
US1379,Puffed Rice,383
US1380,Puffed Wheat,367
US1381,Quaker Grits,344
US1382,Quaker Oatmeal,375
US1383,Quaker Oatmeal Squares,400
US1384,Raisin Bran,322
US1385,Raisin Bran Crunch,355
US1386,Raisin Nut Bran,367
US1387,Ready Brek,359
US1388,Rice Chex,387
US1389,Rice Krispies,394
US1390,Scooters,367
US1391,Shredded Wheat,340
US1392,Shreddies,351
US1393,Smart Start,371
US1394,Special K,377
US1395,Special K Chocolatey Delight,388
US1396,Special K Protein Plus,375
US1397,Special K Red Berries,345
US1398,Sugar Puffs,379
US1399,Toasties,361
US1400,Trix,400
US1401,Weet-Bix,353
US1402,Weetabix,358
US1403,Weetos,378
US1404,Wheaties,367
US1405,Cannelloni,146
US1406,Capellini,353
US1407,Cappelletti,164
US1408,Cellophane Noodles,351
US1409,Cheese Tortellini,291
US1410,Dampfnudel,274
US1411,Dumpling Dough,99
US1412,Durum Wheat Semolina,397
US1413,Egg Noodles,384
US1414,Farfalle,358
US1415,Fettuccine,353
US1416,Fusilli,352
US1417,Glass Noodles,192
US1418,Lasagne Sheets,271
US1419,Linguine,357
US1420,Low Carb Pasta,282
US1421,Macaroni,370
US1422,Manicotti,357
US1423,Mostaccioli,184
US1424,Orecchiette,370
US1425,Orzo,357
US1426,Penne,351
US1427,Penne Rigate,370
US1428,Pierogi,200
US1429,Ravioli,77
US1430,Rigatoni,353
US1431,Rotini,353
US1432,Shells,353
US1433,Shirataki Noodles,18
US1434,Soy Noodles,216
US1435,Spaetzle,368
US1436,Spaghetti,370
US1437,Spinach Tortellini,314
US1438,Spirelli,367
US1439,Tagliatelle,370
US1440,Tortellini,291
US1441,Vermicelli,368
US1442,Whole Grain Noodles,347
US1443,Whole Grain Spaghetti,351
US1444,Ziti,352
US1445,Baby Back Ribs,259
US1446,Bacon and Eggs,252
US1447,Baked Beans,94
US1448,Baked Chicken,164
US1449,BBQ Ribs,255
US1450,Beef Stew,95
US1451,Biryani,176
US1452,Black Pudding,253
US1453,Black Rice,323
US1454,BLT,247
US1455,Brown Rice,362
US1456,Burrito,163
US1457,Butter Chicken,140
US1458,California Roll,93
US1459,Chicken Caesar Salad,127
US1460,Chicken Fried Steak,151
US1461,Chicken Marsala,96
US1462,Chicken Parmesan,110
US1463,Chicken Pot Pie,223
US1464,Chicken Tikka Masala,81
US1465,Chili con Carne,105
US1466,Chimichanga,232
US1467,Cobb Salad,118
US1468,Collard Greens,28
US1469,Corn Dog,250
US1470,Corned Beef Hash,164
US1471,Cottage Pie,139
US1472,Dal,330
US1473,Deviled Eggs,201
US1474,Dim Sum,193
US1475,Dosa,66
US1476,Enchiladas,168
US1477,Fajita,117
US1478,Fish and Chips,195
US1479,Fried Rice,186
US1480,Fried Shrimp,277
US1481,Grilled Cheese Sandwich,288
US1482,Ham and Cheese Sandwich,241
US1483,Hummus,177
US1484,Jambalaya,100
US1485,Kebab,215
US1486,Lasagne,132
US1487,Mac and Cheese,370
US1488,Macaroni and Cheese,370
US1489,Mashed Potatoes,83
US1490,Meat Pie,242
US1491,Meatloaf,254
US1492,Naan,310
US1493,Orange Chicken,259
US1494,Pad Thai,150
US1495,Paella,156
US1496,Paratha,325
US1497,Pea Soup,75
US1498,Peanut Butter Sandwich,408
US1499,Peking Duck,225
US1500,Philly Cheese Steak,250
US1501,Pizza,267
US1502,Pork Chop,225
US1503,Potato Salad,143
US1504,Pulled Pork Sandwich,211
US1505,Ramen,447
US1506,Ravioli,203
US1507,Reuben Sandwich,208
US1508,Roast Beef,111
US1509,Roast Dinner,198
US1510,Samosa,214
US1511,Sausage Roll,350
US1512,Sausage Rolls,297
US1513,Shepherds Pie,70
US1514,Shrimp Cocktail,464
US1515,Sloppy Joe,71
US1516,Sloppy Joes,154
US1517,Spaghetti Bolognese,132
US1518,Spring Roll,250
US1519,Spring Rolls,250
US1520,Taco,217
US1521,Tandoori Chicken,113
US1522,Yorkshire Pudding,553
US1523,Alphabet Soup,25
US1524,Bean Stew,133
US1525,Beef Bouillon,3
US1526,Beef Noodle Soup,34
US1527,Beef Soup,33
US1528,Bouillon,16
US1529,Broccoli Cheese Soup,87
US1530,Broccoli Soup,87
US1531,Cabbage Soup,28
US1532,Carrot Ginger Soup,25
US1533,Carrot Soup,25
US1534,Chicken Bouillon,4
US1535,Chicken Broth,16
US1536,Chicken Gumbo Soup,23
US1537,Chicken Noodle Soup,25
US1538,Chicken Stock,16
US1539,Chicken Vegetable Soup,31
US1540,Chicken with Rice Soup,24
US1541,Cream of Asparagus Soup,35
US1542,Cream of Broccoli Soup,45
US1543,Cream of Celery Soup,37
US1544,Cream of Chicken Soup,48
US1545,Cream of Mushroom Soup,39
US1546,Cream of Onion Soup,44
US1547,Cream of Potato Soup,30
US1548,Creamy Chicken Noodle Soup,23
US1549,French Onion Soup,23
US1550,Golden Mushroom Soup,65
US1551,Goulash,1009
US1552,Instant Ramen,436
US1553,Lentil Soup,56
US1554,Lobster Bisque Soup,100
US1555,Meatball Soup,49
US1556,Minestrone,34
US1557,Mushroom Soup,35
US1558,Noodle Soup,34
US1559,Onion Soup,23
US1560,Oxtail Soup,28
US1561,Pea Soup,75
US1562,Potato Soup,80
US1563,Pumpkin Soup,29
US1564,Ramen,436
US1565,Scotch Broth,33
US1566,Succotash,115
US1567,Thai Soup,60
US1568,Tomato Rice Soup,47
US1569,Tomato Soup,30
US1570,Vegetable Beef Soup,31
US1571,Vegetable Broth,5
US1572,Vegetable Soup,28
US1573,Vegetable Stock,5
US1574,Wedding Soup,53
US1575,Azuki Bean,124
US1576,Bamboo Shoots,27
US1577,Bean Curd,76
US1578,Bean Sprouts,30
US1579,Bengal Gram,364
US1580,Black Beans,341
US1581,Black Chickpeas,364
US1582,Black Gram,341
US1583,Brown Lentil,353
US1584,Butternut,612
US1585,Chickpeas,364
US1586,Chili Bean,97
US1587,Dal,230
US1588,Deep-Fried Tofu,271
US1589,Extra-Firm Tofu,91
US1590,Firm Tofu,70
US1591,Flageolet,85
US1592,Fried Bean Curd,271
US1593,Green Beans,31
US1594,Green Gram,347
US1595,Green Lentil,257
US1596,Kidney Beans,337
US1597,Lentils,353
US1598,Lima Beans,71
US1599,Marron,210
US1600,Miso,199
US1601,Mung Beans,12
US1602,Natto,212
US1603,Navy Bean,337
US1604,Okara,77
US1605,Okra,33
US1606,Peanuts,567
US1607,Peas,42
US1608,Pecan,691
US1609,Pinto Beans,347
US1610,Puy Lentils,345
US1611,Rajma,140
US1612,Red Beans,124
US1613,Red Kidney Bean,337
US1614,Red Lentils,329
US1615,Refried Beans,91
US1616,Roasted Soybeans,471
US1617,Silken Tofu,55
US1618,Soft Tofu,61
US1619,Soy Cheese,235
US1620,Soy Mayonnaise,322
US1621,Soy Nut Butter,562
US1622,Soy Nuts,471
US1623,Soy Yogurt,66
US1624,Soya Cheese,235
US1625,Soybeans,147
US1626,Soynut Butter,562
US1627,Sugar Peas,42
US1628,Sweet Peas,48
US1629,Tempeh,193
US1630,Textured Soy Protein,571
US1631,Textured Vegetable Protein,333
US1632,Tofu,76
US1633,White Beans,336
US1634,Yam Bean,38
US1635,Yellow Lentils,304
US1636,Yuba,176
US1637,Acorn,387
US1638,Alfalfa Sprouts,23
US1639,Almonds,575
US1640,Beechnut,576
US1641,Brazil Nuts,656
US1642,Breadfruit,191
US1643,Butternut,612
US1644,Cashew,553
US1645,Chestnut,213
US1646,Chia Seeds,486
US1647,Coconut,354
US1648,Cotton Seeds,506
US1649,Flaxseed,534
US1650,Ginkgo Nuts,182
US1651,Goa Bean,409
US1652,Hazelnut,628
US1653,Hickory Nuts,657
US1654,Lima Beans,71
US1655,Lotus Seed,89
US1656,Macadamia Nuts,718
US1657,Peanuts,567
US1658,Peas,81
US1659,Pecan Nuts,691
US1660,Pecans,691
US1661,Pili Nuts,719
US1662,Pine Nuts,673
US1663,Pinto Beans,347
US1664,Pistachios,562
US1665,Poppy Seeds,525
US1666,Pumpkin Seeds,559
US1667,Radish Seeds,43
US1668,Safflower Seeds,517
US1669,Sesame Seeds,573
US1670,Smoked Almonds,575
US1671,Soy Beans,147
US1672,Sunflower Seeds,584
US1673,Sweet Chestnut,194
US1674,Walnuts,654
US1675,Watermelon,30
US1676,Anchovy,131
US1677,Bluefish,159
US1678,Bream,135
US1679,Butterfish,187
US1680,Calamari,175
US1681,Carp,162
US1682,Caviar,264
US1683,Clam,148
US1684,Cod,105
US1685,Crawfish,82
US1686,Crayfish,87
US1687,Eel,236
US1688,Fish Fingers,290
US1689,Fish Sticks,290
US1690,Flounder,86
US1691,Grouper,118
US1692,Haddock,90
US1693,Hake,71
US1694,Halibut,111
US1695,Herring,203
US1696,Hoki,121
US1697,Kipper,217
US1698,Ling,109
US1699,Lobster,89
US1700,Mackerel,262
US1701,Milkfish,190
US1702,Monkfish,97
US1703,Mullet,150
US1704,Mussel,172
US1705,Octopus,164
US1706,Pickerel,111
US1707,Pickled Herring,262
US1708,Pike,113
US1709,Plaice,91
US1710,Pollack,111
US1711,Red Snapper,128
US1712,Redfish,94
US1713,Rollmops,171
US1714,Salmon,206
US1715,Sardines,208
US1716,Scallops,111
US1717,Scampi,84
US1718,Sea Bass,124
US1719,Shad,252
US1720,Shark,130
US1721,Smelt,124
US1722,Sole,86
US1723,Squid,92
US1724,Sturgeon,135
US1725,Sushi,150
US1726,Swordfish,172
US1727,Triggerfish,93
US1728,Trout,190
US1729,Tuna,132
US1730,Tuna Salad,187
US1731,Turbot,122
US1732,Wahoo,167
US1733,Whitefish,172
US1734,Whiting,116
US1735,Zander,84
US1736,Apple Pie,237
US1737,Apple Turnover,348
US1738,Bagel,257
US1739,Baguette,274
US1740,Banana Bread,326
US1741,Banana Nut Bread,326
US1742,Beer Bread,227
US1743,Biscuit,269
US1744,Black Bread,250
US1745,Bran Muffins,270
US1746,Bread Pudding,153
US1747,Breadsticks,400
US1748,Brioche,346
US1749,Brown Bread,246
US1750,Brownies,405
US1751,Bun,316
US1752,Cannoli,254
US1753,Caramel Cake,385
US1754,Challah,283
US1755,Chapati,240
US1756,Ciabatta,271
US1757,Cinnamon Bun,436
US1758,Coffee Cake,418
US1759,Conchas/Mexican Sweet Bread,353
US1760,Cornbread,179
US1761,Crepes,224
US1762,Croissant,406
US1763,Crumpet,178
US1764,Cupcakes,305
US1765,Donut/Doughnut,421
US1766,Dosa,209
US1767,Empanada,335
US1768,English Muffin,227
US1769,Flatbread,311
US1770,Focaccia,249
US1771,Garlic Bread,350
US1772,Hot Dog Buns,279
US1773,Italian Bread,271
US1774,Latkes,189
US1775,Matzo Bread,351
US1776,Monkey Bread,290
US1777,Muffin,296
US1778,Multi-Grain Bread,265
US1779,Naan,275
US1780,Oatmeal Cookies,450
US1781,Oatmeal Raisin Cookies,435
US1782,Pan de Sal,293
US1783,Pancake,233
US1784,Pandesal,293
US1785,Panettone,318
US1786,Pide,268
US1787,Pie,237
US1788,Pita Bread,275
US1789,Potato Bread,266
US1790,Pretzel,338
US1791,Pretzel Roll,338
US1792,Puff Pastry,558
US1793,Pumpernickel,250
US1794,Raisin Bread,274
US1795,Roll,316
US1796,Roti,264
US1797,Rye Bread,259
US1798,Sandwich,304
US1799,Sandwich Bread,251
US1800,Scone,362
US1801,Shortcrust Pastry,544
US1802,Soda Bread,290
US1803,Soufflé,204
US1804,Sourdough Bread,289
US1805,Spanakopita,246
US1806,Spice Cake,332
US1807,Sweet Rolls,333
US1808,Swiss Roll,313
US1809,Toast,261
US1810,Tortilla,297
US1811,Tortilla Bread,265
US1812,White Bread,238
US1813,Whole Wheat Bread,247
WB1,Chicken Curry Bun,204.00
WB10,Roti telur & dhal,414.00
WB100,Cheese & meat Sauce,444.00
WB101,Plain,169.00
WB102,Fried chicken variousportion,290.00
WB103,Chicken wing,166.00
WB104,Chicken thigh,320.00
WB105,Mashed potatoes,87.00
WB106,Coleslaw,62.00
WB107,French fries,290.00
WB108,Tuna fish,174.00
WB109,"Fish, salad, etc",328.00
WB11,Capati & green gravy,166.00
WB110,"Chicken, salad etc",481.00
WB111,Chicken,270.00
WB112,Pasembur ( Indian rojak),752.00
WB113,Agar agar,37.00
WB114,Cendol,199.00
WB115,Bubur chacha,165.00
WB116,Bubur kacang hijau,244.00
WB117,"Yoghurt, low fat",100.00
WB118,Ice cream,305.00
WB119,Ice kacang,258.00
WB12,Choo-cheong-fun,236.00
WB120,Potato chips,95.00
WB121,Processed cheese,54.00
WB122,"6 whole almond/cashew nuts or 1whole walnut, 20small peanuts w/o shell",45.00
WB123,Chinese tea,0.00
WB124,"Fresh juice, sweetened",120.00
WB125,Coconut water,110.00
WB126,"Sweetened packet drink,assorted",103.00
WB127,Milo ‘O’ ( 2 teaspoons),50.00
WB128,Soya bean milk,163.00
WB129,"Tau foo far, sweetenedwith 1 tbs sugar",144.00
WB13,Plain Bread,75.00
WB130,Low fat milk (3 tbsp),130.00
WB131,"Full cream milk, ( 3 tbsp)",150.00
WB132,"Condensed milk,sweetened",71.00
WB133,Ice lemon tea +1 teaspoon sugar,26.00
WB134,Air Bandung,150.00
WB135,Soft drink,120.00
WB136,Milo sweetened,133.00
WB137,Kopi O/tehO with1 tsp sugar,20.00
WB138,Tehtarik,83.00
WB14,Curry puff,256.00
WB15,Mamak mee goreng,660.00
WB16,Prawn mee soup,293.00
WB17,Lor mee,383.00
WB18,Mee rebus,556.00
WB19,Mee hailam,277.00
WB2,"Sandwiches, Sardine",71.00
WB20,Wanton mee soup,217.00
WB21,Fried noodle/meehoon,510.00
WB22,"Butter, margarine,mayonnaise",45.00
WB23,Peanut butter,33.00
WB24,Kaya,39.00
WB25,Fruit jam,20.00
WB26,Grape,60.00
WB27,Langsat,31.00
WB28,Guava,60.00
WB29,Mango,67.00
WB3,kaya/coconut bun,219.00
WB30,Durian,60.00
WB31,Banana,60.00
WB32,"Apple, red",63.00
WB33,Watermelon,60.00
WB34,Papaya,56.00
WB35,"Oatmeal , Plain",225.00
WB36,"Oatmeal, with fat milk",356.00
WB37,Siew Mai,105.00
WB38,Hard boiled egg,76.00
WB39,Cucur udang,144.00
WB4,Red bean bun,223.00
WB40,Vadai,194.00
WB41,Yau-car-kueh,292.00
WB42,Doughnut,268.00
WB43,Pisang goreng,129.00
WB44,Ham-chi-peng,233.00
WB45,Kuih apam balik,282.00
WB46,"Cake ,plain",100.00
WB47,"Dumpling, chicken",203.00
WB48,"Kuih koci, pulut putih",183.00
WB49,Kuih talam seri kaya,183.00
WB5,Papadam,26.00
WB50,"Ang koo kuih, mungbean",111.00
WB51,"Ang koo kuih, peanut",194.00
WB52,Yam cake,174.00
WB53,Fried spring roll,91.00
WB54,Plain white rice,207.00
WB55,Nasi briyani + mutton,587.00
WB56,Nasi minyak + beefrendang,664.00
WB57,Economy rice,620.00
WB58,Nasi Kerabu,360.00
WB59,plain porridge,182.00
WB6,"Murtabak, mutton",722.00
WB60,Century egg porridge,423.00
WB61,Chicken porridge,348.00
WB62,Fried ikan kembong 1,219.00
WB63,Steamed pomfret,65.00
WB64,Fish head curry,288.00
WB65,Deep fried babysotong,630.00
WB66,Prawn sambal,194.00
WB67,Chicken satay,365.00
WB68,Satay sauce,129.00
WB69,Beef rendang,228.00
WB7,choc chip cookies,200.00
WB70,Mutton curry,287.00
WB71,Luncheon meat,93.00
WB72,Char siew,191.00
WB73,Chicken curry,195.00
WB74,"Salad, raw",100.00
WB75,Salad dressing,60.00
WB76,Stir fried vegetables,66.00
WB77,sayur lemak,140.00
WB78,Creamed Soup,375.00
WB79,Plain soup ( meator vegetable),200.00
WB8,Cheese cake,400.00
WB80,"Tauhoo, steamed",102.00
WB81,"Taukua, fried",202.00
WB82,Fried egg,128.00
WB83,Egg Fuyong,335.00
WB84,Prawn crackers,106.00
WB85,Beer,150.00
WB86,Hard liquor,64.00
WB87,Stout,195.00
WB88,"Wine, red or white",122.00
WB89,Beef burger,317.00
WB9,Plain roti canai &dhal,359.00
WB90,Cheese burger,341.00
WB91,Cheese burger withextra beef,438.00
WB92,Fried fish cake with bun,433.00
WB93,Hot dog,225.00
WB94,Sundae Chocolate,380.00
WB95,Apple pie,260.00
WB96,"Pepperoni, beef, etc",155.00
WB97,"Beef, chicken, onion",242.00
WB98,Chicken & pineapple,268.00
WB99,"Onion, tomatoes & etc",149.00